{
	"name": "image-previewer",
	"title": "Image Previewer",
	"description": "A little app to preview images on hover in the file picker menu.",
	"version": "0.1",
	"author": "Felix",
	"scripts": ["./image-previewer.js"],
	"styles": ["./image-previewer.css"],
	"packs": [],
    "url": "https://github.com/syl3r86/image-previewer",
    "manifest": "https://raw.githubusercontent.com/syl3r86/image-previewer/master/image-previewer/module.json",
    "download": "https://github.com/syl3r86/image-previewer/raw/master/image-previewer.zip"
}